region,continent,role,bbox_west,bbox_south,bbox_east,bbox_north,selected_main_bas,selected_basin_count,selected_main_bas_count,approx_window_overlap_area,hydrobasins_zip,notes,selected_hybas_ids
Po,Europe,benchmark_region,6.5,44.0,13.5,46.9,2060013010,9,1,8.42586729699033,hybas_eu_lev06_v1c.zip,approximate basin window frozen for trial,2060013010;2060551020;2060551110;2060548920;2060548650;2060548430;2060548280;2060551950
Chao Phraya,Asia,lead_case,99.0,13.2,101.8,17.8,4060018280,9,1,6.943580649307489,hybas_as_lev06_v1c.zip,approximate basin window frozen for trial,4060018280;4061120970;4061120980;4061104200;4061104190;4061102660;4061102650;4061089850
Brantas,Asia,benchmark_region,111.0,-8.7,116.0,-6.0,,0,0,0.0,hybas_as_lev06_v1c.zip,approximate basin window frozen for trial,
Indus,Asia,benchmark_region,67.0,22.0,79.5,37.5,4060033640,92,1,74.77379085940296,hybas_as_lev06_v1c.zip,approximate basin window frozen for trial,4060033640;4060879050;4060879040;4060874860;4060874690;4060875540;4060875530;4060839570
Rhone,Europe,benchmark_region,4.5,43.0,8.5,46.8,2060016510,8,1,7.9462713741209985,hybas_eu_lev06_v1c.zip,approximate basin window frozen for trial,2060016510;2060571930;2060572030;2060552460;2060552470;2060536360;2060536370;2060510690
Rhine,Europe,control_specification,4.5,46.0,10.5,53.8,2060023010,9,1,18.636487876379118,hybas_eu_lev06_v1c.zip,approximate basin window frozen for trial,2060023010;2060420240;2060420340;2060429670;2060429770;2060441280;2060441290;2060491750
