aoi_id,product_label,threshold_mm_per_year,n_valid_points,n_strong_points,n_control_points,strong_point_fraction,strong_population,strong_builtup,strong_population_share,strong_builtup_share,strong_velocity_median,control_velocity_median,strong_population_median,control_population_median,strong_builtup_median,control_builtup_median
cyprus_sourcecoop_smoke,EGMS_L2a_087_0205_IW2_VV_2019_2023_1,1.0,17340,3079,7677,0.1775663206459054,92115.46859189103,53175278.0,0.135588660330427,0.14682950343013051,-1.5,-0.1,2.299157165754586,2.299157165754586,1916.0,1916.0
cyprus_sourcecoop_smoke,EGMS_L2a_087_0205_IW2_VV_2019_2023_1,2.0,17340,886,7677,0.05109573241061131,24467.983071738337,14295304.0,0.036015460773290965,0.039472711129084424,-2.55,-0.1,2.5291365302354096,2.299157165754586,1916.0,1916.0
cyprus_sourcecoop_smoke,EGMS_L2a_087_0205_IW2_VV_2019_2023_1,5.0,17340,65,7677,0.003748558246828143,2115.914900158765,1226865.0,0.003114504773967698,0.003387664070619566,-6.0,-0.1,2.5291365302354096,2.299157165754586,2276.0,1916.0
cyprus_sourcecoop_smoke,EGMS_L2a_087_0205_IW2_VV_2019_2023_1,10.0,17340,2,7677,0.00011534025374855825,0.49731961846351624,954.0,7.320258134087507e-07,2.6342193504346984e-06,-10.45,-0.1,0.24865980923175812,2.299157165754586,477.0,1916.0
