region,observability_bias_signal,independent_anchor_status,dominant_landcover,landcover_adjusted_or,landcover_adjusted_boot_q025,landcover_adjusted_boot_q975,log_or,se,weight_fixed,n_lisc_pairs,n_cells,cropland_fraction,built_up_fraction,water_wetland_mangrove_fraction
Po,positive,sparse_gnss_anchor,cropland,1.32894,1.129,1.55664,0.28438163198510186,0.08193810384628968,148.94577235540237,36,2255,0.63459,0.0279379,0.186253
Chao Phraya,strong_positive,sparse_gnss_anchor,cropland,3.56187,2.25134,5.78079,1.2702856878510969,0.2405649890424258,17.2796585348095,28,18077,0.401449,0.190463,0.0809316
Indus,strong_positive,weak_or_missing_gnss_anchor,water_wetland_mangrove,3.3894,2.32898,4.86955,1.2206529145771343,0.18815589971231794,28.24647898169608,36,7087,0.217864,0.00606745,0.507408
Rhone,positive,sparse_gnss_anchor,vegetation_non_crop,1.59178,1.23975,2.07457,0.4648528869181676,0.13133779512883018,57.972303563878825,31,3392,0.21079,0.053066,0.334021
Brantas,positive,weak_or_missing_gnss_anchor,built_up,1.59171,1.01473,2.69633,0.46480891002487673,0.24930332190447693,16.089548942852115,29,1320,0.271212,0.446212,0.145455
Rhine,inconclusive,sparse_gnss_anchor,vegetation_non_crop,0.810149,0.544942,1.26623,-0.2105370976152089,0.21508160555795564,21.616902336637644,24,9011,0.30152,0.1638,0.114971
