{
  "overall": {
    "k": 6.0,
    "fixed_log_or": 0.44343406992272755,
    "fixed_se": 0.0587067738638087,
    "fixed_or": 1.5580484895693123,
    "fixed_ci_low": 1.3887010212871076,
    "fixed_ci_high": 1.748047318060795,
    "random_log_or": 0.5711133163662984,
    "random_se": 0.19334409265969513,
    "random_or": 1.770236788348802,
    "random_ci_low": 1.2118630603494314,
    "random_ci_high": 2.5858848159955397,
    "q": 41.923653907676126,
    "tau2": 0.18855298412261648,
    "i2": 0.8807355863825478,
    "df": 5.0
  },
  "lead": {
    "k": 5.0,
    "fixed_log_or": 0.4960785893098696,
    "fixed_se": 0.06102398317744133,
    "fixed_or": 1.6422686175045533,
    "fixed_ci_low": 1.4571341304091547,
    "fixed_ci_high": 1.8509251521567214,
    "random_log_or": 0.7164313388874319,
    "random_se": 0.19971369682670348,
    "random_or": 2.0471147011437973,
    "random_ci_low": 1.3840202562499095,
    "random_ci_high": 3.0279026486172733,
    "q": 31.9343474588448,
    "tau2": 0.16592370156149513,
    "i2": 0.8747430175250965,
    "df": 4.0
  },
  "sparse": {
    "k": 4.0,
    "fixed_log_or": 0.35272503979015307,
    "fixed_se": 0.06378170587884817,
    "fixed_or": 1.422939837802926,
    "fixed_ci_low": 1.255724750410907,
    "fixed_ci_high": 1.612421656373391,
    "random_log_or": 0.43187079294373876,
    "random_se": 0.2076332070809067,
    "random_or": 1.5401361058522216,
    "random_ci_low": 1.0252225459925386,
    "random_ci_high": 2.313662759194635,
    "q": 22.830882467262295,
    "tau2": 0.1428978503854252,
    "i2": 0.8685990344743895,
    "df": 3.0
  },
  "weak": {
    "k": 2.0,
    "fixed_log_or": 0.9463570501595776,
    "fixed_se": 0.15018328827675076,
    "fixed_or": 2.5763071854937336,
    "fixed_ci_low": 1.9193715315470132,
    "fixed_ci_high": 3.4580895907510576,
    "random_log_or": 0.8604260342805078,
    "random_se": 0.37750751312063824,
    "random_or": 2.3641676956651083,
    "random_ci_low": 1.128073497785044,
    "random_ci_high": 4.954720507308218,
    "q": 5.856197995052559,
    "tau2": 0.23687268515421703,
    "i2": 0.829240746155642,
    "df": 1.0
  },
  "control": {
    "k": 1.0,
    "fixed_log_or": -0.2105370976152089,
    "fixed_se": 0.21508160555795564,
    "fixed_or": 0.810149,
    "fixed_ci_low": 0.5314761025387017,
    "fixed_ci_high": 1.2349405722399451,
    "random_log_or": -0.2105370976152089,
    "random_se": 0.21508160555795564,
    "random_or": 0.810149,
    "random_ci_low": 0.5314761025387017,
    "random_ci_high": 1.2349405722399451,
    "q": 0.0,
    "tau2": 0.0,
    "i2": 0.0,
    "df": 0.0
  },
  "n_regions": 6,
  "n_exposure_rows": 6
}